DFRP-No_No-RBIF,Asset-name_Nom_du_bien,Street-number_Numéro-civique,Address_Adresse,City_Ville,Province-Code_Code-de-province,Province_Territory_Province_Territoire,Postal-code_Code-postal,Asset-type_Type-de-bien,Asbestos_Amiante,Mgmt-plan_Plan-gest
43664.0,Complexe Jacques Gagnon Complex,100,Saint-Joseph Street South,Alma,QC,Quebec,G8B 7A6,Lease,No,Not required
151473.0,Building,502,4th Street,Amos,QC,Quebec,J9T 1Y4,Lease,No,Not required
73961.0,Building,309,Chassé Street,Asbestos,QC,Quebec,J1T 2B4,Lease,Yes,Yes
26776.0,Building,300,Lasalle Boulevard,Baie-Comeau,QC,Quebec,G4Z 2K2,Lease,Work in progress,Work in progress
43554.0,Carrefour Baie-Comeau,337,Lasalle Boulevard,Baie-Comeau,QC,Quebec,G4Z 2Z1,Lease,No,Not required
22603.0,Building,955,Michèle-Bohec Boulevard,Blainville,QC,Quebec,J7G 5J6,Lease,No,Not required
30913.0,Building,10,Jacques-Cartier Avenue,Blanc-Sablon,QC,Quebec,G0G 1C0,Lease,No,Not required
17527.0,Building,540,D'Avaugour Street,Boucherville,QC,Quebec,J4B 0G6,Lease,No,Not required
55176.0,Building,2501,Lapinière Boulevard,Brossard,QC,Quebec,J4Z 3P1,Lease,No,Not required
21055.0,Building,3250,Lapinière Boulevard,Brossard,QC,Quebec,J4Z 3T8,Lease,No,Not required
7688.0,Sénateur Thomas Lefèbvre Building,2,John et Leslie Street,Campbell's Bay,QC,Quebec,J0X 1K0,Lease,No,Not required
43527.0,Building,120,De Gros Cap Road,Cap-aux-Meules,QC,Quebec,G4T 1R3,Lease,No,Not required
10579.0,Building,380,Principal Road,Cap-aux-Meules,QC,Quebec,G0B 1B0,Lease,No,Not required
5030.0,Federal building,235,Principale Street,Cap-aux-Meules,QC,Quebec,G0B 1B0,Crown-owned,Yes,Yes
6919.0,Building,8,Saint-Jacques Street North,Causapscal,QC,Quebec,G0J 1J0,Lease,No,Yes
55335.0,Building,1899,Périgny Boulevard,Chambly,QC,Quebec,J3L 4C3,Lease,No,Not required
18675.0,Federal building / Post Office Chandler,75,René-Lévesque Boulevard E,Chandler,QC,Quebec,G0C 1K0,Crown-owned,Yes,Yes
15229.0,Building,245,Saint-Jean-Baptiste Boulevard,Châteauguay,QC,Quebec,J6K 3C3,Lease,No,Not required
60162.0,Chibougamau Post Office,623,3rd Street,Chibougamau,QC,Quebec,G8P 1P0,Lease,No,Not required
8437.0,Building,345,Des Saguenéens Street,Chicoutimi,QC,Quebec,G7H 6K9,Lease,No,Not required
43503.0,Federal building,100,Lafontaine Street,Chicoutimi,QC,Quebec,G7M 6X2,Crown-owned,No,Not required
21504.0,Location,457,Wolverine Street,Chisasibi,QC,Quebec,J0M 1E0,Lease,No,Not required
22498.0,Building,289,Baldwin Street,Coaticook,QC,Quebec,J1A 2A2,Lease,No,Not required
6644.0,Building,224,Du Sud Street,Cowansville,QC,Quebec,J2K 2X4,Lease,No,Not required
20959.0,Building,1400,des Érables Street,Dolbeau-Mistassini,QC,Quebec,G8L 2W7,Lease,No,Not required
75127.0,Building,100,Route 138,Donnacona,QC,Quebec,G3M 1B5,Lease,No,Not required
22457.0,Dorval Square,185,Dorval Avenue,Dorval,QC,Quebec,H9S 5J9,Lease,No,Not required
6985.0,"700 Leigh-Capreol Plaza, Dorval, QC",700,Leigh-Capreol Street,Dorval,QC,Quebec,H4Y 1G7,Lease,Yes,Yes
150582.0,Building,2200,Reverchon Avenue,Dorval,QC,Quebec,H9P 2S7,Lease,No,Not required
73988.0,Building,975,Roméo Vachon North,Dorval,QC,Quebec,H4Y 1H2,Lease,Yes,Yes
23432.0,1175 Janelle St,1175,Janelle Street,Drummondville,QC,Quebec,J2C 3E2,Lease,No,Not required
17516.0,Building,1100,René-Lévesque,Drummondville,QC,Quebec,J2C 5W4,Lease,No,Not required
18453.0,Building,25,Route 138,Forestville,QC,Quebec,G0T 1E0,Lease,No,Yes
22698.0,Frédérica Giroux Building,98,De la Reine Street,Gaspé,QC,Quebec,G4X 3B3,Crown-owned,Yes,Yes
5146.0,Federal building,120,De la Reine Street,Gaspé,QC,Quebec,G4X 2R2,Crown-owned,Yes,Yes
43567.0,Location,126,Gaspé Street,Gaspé,QC,Quebec,G4X 1A9,Lease,No,Not required
5223.0,Government of Canada Building,194,Jacques-Cartier Street,Gaspé,QC,Quebec,G4X 1N2,Crown-owned,No,Not required
75039.0,Building,96,Sandy Beach Montée,Gaspé,QC,Quebec,G4X 2W4,Lease,Yes,Yes
6338.0,Building,920,Saint-Joseph Boulevard,Gatineau,QC,Quebec,J8Z 1S9,Lease,No,Not required
43146.0,Zigby Building,180,Principale Street,Granby,QC,Quebec,J2G 2V6,Lease,No,Not required
20980.0,Complexe Robinson,82,Robinson Street South,Granby,QC,Quebec,J2G 7L4,Lease,No,Not required
73949.0,Federal building,84,Du Carrefour Street,Grande-Rivière,QC,Quebec,G0C 1V0,Crown-owned,Yes,Yes
6533.0,Building,117,Hôtel-de-Ville Street,Grande-Rivière,QC,Quebec,G0C 1V0,Lease,No,Not required
19816.0,Building,,Lot 500,Harrington Harbour,QC,Quebec,G0G 1N0,Lease,No,Not required
11997.0,Federal building - Havre-Saint-Pierre,1340,De la digue Street,Havre-Saint-Pierre,QC,Quebec,G0C 1P0,Crown-owned,No,Not required
15917.0,Building,1038,Titane Street,Havre-Saint-Pierre,QC,Quebec,G0G 1P0,Lease,No,Not required
12377.0,Complexe Joliette,46,Gauthier rue,Joliette,QC,Quebec,J6E 4J4,Lease,No,Not required
25849.0,Building,3,Papineau Street,Joliette,QC,Quebec,J6E 9A1,Lease,No,Not required
17909.0,3750 Du Royaume Boulevard,3750,Du Royaume Boulevard,Jonquière,QC,Quebec,G7X 0A4,Lease,Work in progress,Work in progress
7996.0,Gilles Marceau Building,2251,René-Lévesque Boulevard,Jonquière,QC,Quebec,G7X 6K0,Crown-owned,Yes,Yes
59144.0,Building,,Lot S.L.S. 6-1 S.L.S.,Kahnawake,QC,Quebec,J0L 1B0,Lease,No,Not required
9673.0,Building,541,Saint-Etienne Street,La Malbaie,QC,Quebec,G5A 1J3,Lease,No,Not required
6190.0,Les Cours Painchaud,708,4th Avenue,La Pocatière,QC,Quebec,G0R 1Z0,Lease,No,Not required
21929.0,Building,319,Principale Street,La Sarre,QC,Quebec,J9Z 1Z4,Lease,No,Not required
75139.0,Building,290,Saint-Joseph Street,La Tuque,QC,Quebec,G9X 3Z8,Lease,No,Not required
18723.0,Federal building,9,De l'Eglise Street North,Lacolle,QC,Quebec,J0J 1J0,Crown-owned,Yes,Yes
43171.0,Jeanne-Sauvé Building,1575,Chomedey Boulevard,Laval,QC,Quebec,H7V 2X2,Crown-owned,No,Not required
6932.0,Concorde Complex,3131,De la Concorde Boulevard East,Laval,QC,Quebec,H7E 4W4,Lease,No,Not required
20895.0,Building,1041,Des Laurentides Boulevard,Laval,QC,Quebec,H7G 2W2,Lease,No,Not required
6500.0,Building,3400,Jean-Béraud Avenue,Laval,QC,Quebec,H7T 2Z2,Lease,No,Not required
55093.0,Place Laval Complex,3,Laval Place,Laval,QC,Quebec,H7N 1A2,Lease,Yes,Yes
25855.0,Building,4,Laval Place,Laval,QC,Quebec,H7N 5Y3,Lease,Work in progress,Work in progress
25858.0,Building,5550,Frontenac Street,Lac Megantic,QC,Quebec,G6B 1H5,Lease,Work in progress,Work in progress
18187.0,Building,1091-2,de la Vernière Road,L'Étang-du-Nord,QC,Quebec,G4T 3E2,Lease,No,Not required
17986.0,Building,50,Président-Kennedy Route,Lévis,QC,Quebec,G6V 6W8,Lease,Yes,Yes
55089.0,Herelle Place,550,De Chambly Road,Longueuil,QC,Quebec,J4H 3L8,Lease,No,Not required
43090.0,Place Montérégie,101,Roland-Therrien Boulevard,Longueuil,QC,Quebec,J4H 4B9,Lease,No,Not required
73897.0,Complexe St-Charles,1111,Saint-Charles Street West,Longueuil,QC,Quebec,J4K 5G4,Lease,No,Not required
6740.0,Health Protection Laboratory,1001,Saint-Laurent Street West,Longueuil,QC,Quebec,J4K 1C7,Lease,Yes,Yes
16022.0,Building,1195,Tremblay Road,Longueuil,QC,Quebec,J4N 1R4,Lease,No,Not required
6939.0,Building,1225,Saint-Charles Street,Longueuil,QC,Quebec,J4K 0B9,Lease,No,Not required
6521.0,Albert Building,507,Marcel Street,Louiseville,QC,Quebec,J5V 1N1,Lease,No,Not required
13257.0,Galeries Orford,1700,Sherbrooke Street,Magog,QC,Quebec,J1X 5B4,Lease,Yes,Yes
55341.0,Les Galeries Maniwaki,100,Principale Street South,Maniwaki,QC,Quebec,J9E 3L4,Lease,No,Not required
5398.0,René Tremblay Building,150,Dion Boulevard,Matane,QC,Quebec,G4W 3L7,Crown-owned,Yes,Yes
5399.0,Du Vieux Port Shopping Mall,750,Du Phare Avenue,Matane,QC,Quebec,G4W 3W8,Lease,No,Yes
14356.0,Proservin Building,17660,Charles Street,Mirabel,QC,Quebec,J7J 0C3,Lease,No,Not required
7047.0,Léonce-Lessard Building,1420,Saint-Catherine Street West,Montréal,QC,Quebec,H3G 1R3,Crown-owned,Yes,Yes
13956.0,Building,431,De la Madone Street,Mont-Laurier,QC,Quebec,J9L 1S1,Lease,Yes,Yes
17552.0,Building,37,Sainte-Brigitte Avenue South,Montmagny,QC,Quebec,G5V 2Y3,Lease,No,Not required
17863.0,Building,6,Saint-Jean-Baptiste Street East,Montmagny,QC,Quebec,G5V 1J7,Lease,No,Not required
7099.0,715 Peel,715,715 Peel / 1010 St-Antoine | 1010 St-Antoine | 1025 St-Jacques,Montréal,QC,Quebec,H3C 4H6,Crown-owned,Yes,Yes
7100.0,Dominique Ducharme Building,105,105 McGIll Street/400 D'Youville Place,Montréal,QC,Quebec,H2Y 3N4,Crown-owned,Yes,Yes
21980.0,Building,550,Beaumont,Montréal,QC,Quebec,H3N 1V1,Lease,No,Not required
7048.0,Normand-Maurice Building,740,Bel-Air Street,Montréal,QC,Quebec,H4C 2K3,Crown-owned,No,Not required
153558.0,Building,1501,De Bleury Street,Montréal,QC,Quebec,H5A 2J2,Lease,Work in progress,Work in progress
6495.0,Place Bonaventure,800,De la Gauchetière Street West,Montréal,QC,Quebec,H5A 1L6,Lease,Yes,Yes
22590.0,5151 De la Savane St,5151,De la Savane Street,Montréal,QC,Quebec,H4P 1V1,Lease,No,Not required
55255.0,Building,1001,De Maisonneuve Boulevard East,Montréal,QC,Quebec,H2L 4P9,Lease,Yes,Yes
7218.0,Building,505,De Maisonneuve Boulevard West,Montréal,QC,Quebec,H3A 3C2,Lease,No,Not required
12759.0,Building,1625,De Maisonneuve Boulevard West,Montréal,QC,Quebec,H3H 2N4,Lease,No,Not required
22999.0,Building,5160,Décarie Boulevard,Montréal,QC,Quebec,H3X 2H9,Lease,Yes,Yes
10091.0,Building,2350,Dickson Street,Montréal,QC,Quebec,H1N 3T1,Lease,Yes,Yes
16314.0,Building,1501,McGill Avenue,Montréal,QC,Quebec,H3A 3M8,Lease,Yes,Yes
55163.0,Building,30,McGill Street,Montréal,QC,Quebec,H2Y 3Z7,Lease,No,Not required
22266.0,Edifice Sun Life,1155,Metcalfe Street,Montréal,QC,Quebec,H3B 2V6,Lease,Yes,Yes
7589.0,Place de la Justice Building,1,Notre-Dame Street East,Montréal,QC,Quebec,H2Y 1B6,Lease,Yes,Yes
16129.0,Dominion Square Building,1255,Peel Street,Montréal,QC,Quebec,H3B 2T9,Lease,No,Yes
12574.0,Building,2030,Pie IX Boulevard,Montréal,QC,Quebec,H1V 2C8,Lease,No,Not required
20902.0,Building,2901,Rachel Street East,Montréal,QC,Quebec,H1W 4A4,Lease,No,Not required
21979.0,Guy-Fravreau Complexe (East Tower),200,René-Lévesque Boulevard West,Montréal,QC,Quebec,H2Z 1X4,Lease-Purchase,Yes,Yes
104407.0,Guy-Fravreau Complexe (West Tower),200,René-Lévesque Boulevard West,Montréal,QC,Quebec,H2Z 1X4,Lease-Purchase,Yes,Yes
7092.0,Building,305,René-Lévesque Boulevard West,Montréal,QC,Quebec,H2Z 1A6,Lease,Yes,Yes
55251.0,Building,800,René-Lévesque Boulevard West,Montréal,QC,Quebec,H3B 1X9,Lease,Yes,Yes
55202.0,London Life Place,2001,Robert-Bourassa Boulevard,Montréal,QC,Quebec,H3A 2A6,Lease,Yes,Yes
17856.0,"865 Saint-Antoine W, Montréal, QC",865,Saint-Antoine Street,Montréal,QC,Quebec,H3C 1A6,Lease,Yes,Yes
5433.0,Parkade Building,2021,Union Street,Montréal,QC,Quebec,H3A 2S9,Lease,Yes,Yes
32195.0,Stock Exchange Tower,800,Victoria Square,Montréal,QC,Quebec,H4Z 1J2,Lease,Yes,Yes
55197.0,Paco Building,928,Wellington Street,Montréal,QC,Quebec,H3C 1T8,Lease,No,Not required
59794.0,New Richmond Post Office,152,Perron Boulevard West,New Richmond,QC,Quebec,G0C 2B0,Lease,Yes,Yes
19995.0,Building,13313,Sherbrooke Street East,Pointe-aux-Trembles,QC,Quebec,H1A 1C2,Lease,No,Not required
21721.0,Building,6500,Trans-Canadienne Highway,Pointe-Claire,QC,Quebec,H9R 0A5,Lease,No,Not required
6596.0,Fairview shopping center,6815,Trans-Canadienne Highway,Pointe-Claire,QC,Quebec,H9R 1C4,Lease,Yes,Yes
17843.0,Building,1305,Blizzard Street,Québec,QC,Quebec,G2K 0A1,Lease,No,Not required
103524.0,René-Nicolas Levasseur Building,94,Dalhousie Street,Québec,QC,Quebec,G1K 4B8,Crown-owned,Yes,Yes
55376.0,Louis Pratt Building,104,Dalhousie Street,Québec,QC,Quebec,G1K 4B8,Crown-owned,Yes,Yes
103525.0,John Munn Building,112,Dalhousie Street,Québec,QC,Quebec,G1K 4C1,Crown-owned,Yes,Yes
10603.0,Vieux-Port Annex,,Dalhousie Street,Québec,QC,Quebec,G1K 4C1,Crown-owned,No,Not required
75046.0,Customs Building,130,Dalhousie Street,Québec,QC,Quebec,G1K 4C4,Crown-owned,Yes,Yes
7541.0,Building,979,De Bourgogne Street,Québec,QC,Quebec,G1W 2L4,Lease,No,Yes
,QC Québec - Rue De la Gare du Palais,,De la Gare du Palais Street,Québec,QC,Quebec,G1K 3X2,Lease,No,Not required
,Government of Canada Building,,De la Gare du Palais Street,Québec,QC,Quebec,G1K 3X2,Lease,No,Not required
5769.0,Federal building,330,De la Gare du Palais Street,Québec,QC,Quebec,G1K 3X2,Crown-owned,Yes,Yes
15148.0,Building,1020,De L'Église Route,Québec,QC,Quebec,G1V 5A7,Lease,Yes,Yes
23343.0,Building,442,Des Cordillères Avenue,Québec,QC,Quebec,G1C 5C4,Lease,No,Not required
20958.0,New Quebec Building (Emphyteusis Agreement),1550,d'Estimauville Avenue,Québec,QC,Quebec,G1J 5E9,Lease-Purchase,No,Not required
5757.0,Louis St-Laurent Building,3,Du Chien-d'Or Crossing,Québec,QC,Quebec,G1R 4V7,Crown-owned,Yes,Yes
15488.0,Building,220,Fortin Street,Québec,QC,Quebec,G1M 3S5,Lease,No,Not required
5767.0,The Citadelle,,Governor General's Residence,Québec,QC,Quebec,G1R 4V7,Crown-owned,Yes,Yes
12371.0,Tour Cominar,2640,Laurier Boulevard,Québec,QC,Quebec,G1V 5C2,Lease,No,Yes
19981.0,Complexe Jules Dallaire,2828,Laurier Boulevard,Québec,QC,Quebec,G1V 0B9,Lease,No,Yes
13121.0,Place Iberville IV,2954,Laurier Boulevard,Québec,QC,Quebec,G1V 4T2,Lease,No,Not required
17548.0,Building,825,Lebourgneuf Boulevard,Québec,QC,Quebec,G2J 1C3,Lease,No,Not required
22294.0,Building,1125,Lebourgneuf Boulevard,Québec,QC,Quebec,G2K 0J2,Lease,No,Not required
21413.0,Building,2500,Montmorency Boulevard,Québec,QC,Quebec,G1J 5C7,Lease,No,Not required
21104.0,Building,1780,Newton Avenue,Québec,QC,Quebec,G1P 4J4,Lease,No,Not required
15500.0,Building,915,Philippe-Paradis Street,Québec,QC,Quebec,G1N 4E3,Lease,No,Yes
17530.0,Building,2990,Pierre-Péladeau Avenue,Québec,QC,Quebec,H7T 0B1,Lease,No,Not required
32254.0,Vieux-Port,,Pointe-à-Carcy,Québec,QC,Quebec,G1K 8M5,Lease,No,Not required
25844.0,Building,150,René-Lévesque Boulevard,Québec,QC,Quebec,G1R 1B4,Lease,Yes,Yes
55336.0,Building,5000,Rideau Street,Québec,QC,Quebec,G2E 6B5,Lease,No,Yes
16975.0,Complexe Place Jacques Cartier,320,Saint Joseph Street East,Québec,QC,Quebec,G1K 8G5,Lease,Yes,Yes
31446.0,Building,280,Saint.Dominique Street,Québec,QC,Quebec,G1K 6R1,Lease,Yes,Yes
23130.0,Eastern Quebec Tax Services Office,2575,Sainte-Anne Boulevard,Québec,QC,Quebec,G1J 1Y5,Lease-Purchase,No,Not required
20838.0,Building,1245,Sainte-Foy Road,Québec,QC,Quebec,G1S 4P2,Lease,Yes,Yes
20807.0,Building,1825,Semple Street,Québec,QC,Quebec,G1N 4B8,Lease,Yes,Yes
130401.0,Armoury - Quebec City (Under construction),805,Wilfrid-Laurier Avenue,Québec,QC,Quebec,G1R 2L5,Crown-owned,Yes,Yes
22211.0,Building,667,Notre-Dame Street,Repentigny,QC,Quebec,J6A 2W5,Lease,No,Not required
5443.0,Federal building,180,De la Cathédrale Avenue,Rimouski,QC,Quebec,G5L 5H9,Crown-owned,Yes,Yes
49022.0,Building,180,Des Gouverneurs Street,Rimouski,QC,Quebec,G5L 7R2,Lease,No,Not required
16034.0,Building,287,Pierre-Saindon Street,Rimouski,QC,Quebec,G5L 9A7,Lease,No,Not required
13114.0,St-Laurent Place,70,Saint-Germain Street East,Rimouski,QC,Quebec,G5L 7J9,Lease,Yes,Yes
,Building,299,Lafontaine Street,Riviere-du-Loup,QC,Quebec,G7H 4T7,Lease,Yes,Work in progress
43754.0,Plaza Roberval,755,Saint-Joseph Boulevard,Roberval,QC,Quebec,G8H 2L4,Lease,No,Not required
7738.0,Federal building,44,Du Lac Avenue,Rouyn-Noranda,QC,Quebec,J9X 4N3,Crown-owned,Yes,Yes
7740.0,Réal-Caouette Building,151,Du Lac Avenue,Rouyn-Noranda,QC,Quebec,J9X 4N6,Crown-owned,Yes,Yes
55082.0,Le 255 Building,255,Racine Street East,Saguenay,QC,Quebec,G7H 7L2,Lease,No,Not required
21056.0,Building,98-100,Racine Street East,Saguenay,QC,Quebec,G7H 1R1,Lease,Yes,Yes
25127.0,Building,337,Guay Street,Saint-Bernard -de-Lacolle,QC,Quebec,J0J 1V0,Lease,Work in progress,Work in progress
43068.0,Building,1400,Marie-Victorin Boulevard,Saint-Bruno-de-Montarville,QC,Quebec,J3V 6B9,Lease,No,Not required
43062.0,Building,118,Principale Street East,Sainte-Agathe-des-Monts,QC,Quebec,J8C 1K1,Lease,No,Not required
20933.0,Édifice J.C. Lepage,230,1st Avenue West,Sainte-Anne-des-Monts,QC,Quebec,G4V 1E2,Lease,No,Not required
33238.0,Building,26-42,Du Parc Route,Sainte-Anne-des-Monts,QC,Quebec,G0E 2G0,Lease,No,Not required
21575.0,Building,252,Sainte-Anne Boulevard,Sainte-Anne-des-Monts,QC,Quebec,G4V 1N4,Lease,No,Not required
14024.0,Des Monts Building,10,Ste-Anne Boulevard West,Sainte-Anne-des-Monts,QC,Quebec,G4V 1P3,Lease,No,Not required
150837.0,Building,3229,Des-Quatre-Bourgeois Road,Sainte-Foy,QC,Quebec,G1W 0C1,Lease,Yes,Yes
9331.0,Maison de L'Emploi,100,Ducharme Boulevard,Sainte-Thérèse,QC,Quebec,J7E 1X2,Lease,No,Not required
20420.0,Building,250,Arthur-Sauvé Boulevard,Saint-Eustache,QC,Quebec,J7R 2H9,Lease,No,Not required
21880.0,Place Centre Ville,11400,1st Avenue East,Saint-Georges,QC,Quebec,G5Y 5S4,Lease,Yes,Yes
20621.0,Les Galeries St-Hyacinthe,3225,Cusson Street,Saint-Hyacinthe,QC,Quebec,J2S 0H7,Lease,No,Not required
153559.0,Centre commercial St-Luc St-Jean,1235,Douglas Street,Saint-jean-sur-Richelieu,QC,Quebec,J2W 1C7,Lease,No,Not required
75033.0,Les Laurentides Gallery,500,Des Laurentides Boulevard,Saint-Jérôme,QC,Quebec,J7Z 4M2,Lease,No,Not required
7013.0,National Film Board Building 'B',3155,Côte-de-liesse Road,Saint-Laurent,QC,Quebec,H4N 2N4,Crown-owned,Yes,Yes
103618.0,National Film Board Building Normand-Mclaren - National Film Board 'A',3155,Côte-de-liesse Road,Saint-Laurent,QC,Quebec,H4N 2N4,Crown-owned,Yes,Yes
103619.0,National Film Board Building 'E',3155,Côte-de-liesse Road,Saint-Laurent,QC,Quebec,H4N 2N4,Crown-owned,Yes,Yes
103620.0,National Film Board Building 'C',3155,Côte-de-liesse Road,Saint-Laurent,QC,Quebec,H4N 2N4,Crown-owned,Yes,Yes
103621.0,National Film Board Building 'D',3155,Côte-de-liesse Road,Saint-Laurent,QC,Quebec,H4N 2N4,Crown-owned,Yes,Yes
153556.0,Building,4725,Cousens Street,Saint-Laurent,QC,Quebec,H4S 1X5,Lease,Work in progress,Work in progress
103622.0,National Film Board Building John-Grierson - National Film Board 'F',125,Houde Street,Saint-Laurent,QC,Quebec,H4N 2N4,Crown-owned,Yes,Yes
17855.0,Building,2089,Marcel-Laurin Street,Saint-Laurent,QC,Quebec,H4R 1K4,Lease,No,Not required
104483.0,Government of Canada Building,655,Montée-de-liesse Street,Saint-Laurent,QC,Quebec,H4T 1P5,Crown-owned,Yes,Yes
20582.0,Complexe Le Baron,6020,Jean-Talon Street East,Saint-Léonard,QC,Quebec,H1S 3B1,Lease,No,Not required
23491.0,Building,9177,Langelier Boulevard,Saint-Léonard,QC,Quebec,H1P 3K9,Lease,No,Not required
153632.0,Building,63,Champlain Street,Salaberry-de-Valleyfield,QC,Quebec,J6T 1X4,Lease,Yes,Work in progress
21153.0,Schefferville Airport Hangar,Block 8,Aéroport de Schefferville,Schefferville,QC,Quebec,G0G 2T0,Crown-owned,No,Not required
73922.0,Building,240,Jolliet Avenue,Sept-Îles,QC,Quebec,G4R 2A9,Lease,No,Not required
8122.0,Jos-Hébert Building,701,Laure Boulevard,Sept-Îles,QC,Quebec,G4R 1X8,Crown-owned,Yes,Yes
23513.0,185 Napoléon Street,6-185,Napoléon Street,Sept-Îles,QC,Quebec,G4R 3M5,Lease,No,Not required
25137.0,Building,4610,George Bornais Avenue,Shawinigan,QC,Quebec,G9N 6T5,Lease,No,Not required
6222.0,Government of Canada Building - Taxation Data Centre,4695,12th Avenue,Shawinigan,QC,Quebec,G9N 7V9,Crown-owned,Yes,Yes
10081.0,Building,702,5ème Rue Street,Shawinigan,QC,Quebec,G9N 1E9,Lease,No,Not required
73984.0,Centre commercial La Promenade,444,5th Street,Shawinigan,QC,Quebec,G9N 1E6,Lease,No,Not required
60420.0,"395 De la Station Ave, Shawinigan, QC",395,De la Station Avenue,Shawinigan,QC,Quebec,G9N 1V8,Lease,No,Yes
11031.0,Building,3299,Industriel Boulevard,Sherbrooke,QC,Quebec,J1L 2E9,Lease,Yes,Yes
6327.0,Jacques-Cartier Square,1650,King Street West,Sherbrooke,QC,Quebec,J1J 2C3,Lease,Yes,Yes
43083.0,Royal Bank Building,2665,King Street West,Sherbrooke,QC,Quebec,J1L 2G5,Lease,No,Not required
6320.0,Government of Canada Building,50,Place de la cité,Sherbrooke,QC,Quebec,J1H 4G9,Crown-owned,Yes,Yes
17925.0,Building,202,Wellington Street North,Sherbrooke,QC,Quebec,J1H 5B7,Lease,No,Not required
19928.0,Building,101,Augusta Street,Sorel-Tracy,QC,Quebec,J3P 1A8,Lease,No,Not required
75150.0,Building,182,De l'Eglise Street,Tadoussac,QC,Quebec,G0T 2A0,Lease,Yes,Yes
75149.0,Building,454,Du Bateau-Passeur Street,Tadoussac,QC,Quebec,G0T 2A0,Lease,No,Not required
16125.0,Building,835,Montée-Masson,Terrebonne,QC,Quebec,J6W 2C7,Lease,No,Not required
16325.0,Building,350,Frontenac Boulevard West,Thetford Mines,QC,Quebec,G6G 6N7,Lease,No,Not required
43061.0,Le Bourg du Fleuve Complex,25-55,Des Forges Boulevard,Trois-Rivières,QC,Quebec,G9A 2G4,Lease,Yes,Yes
21779.0,Building,125,Des Forges Street,Trois-Rivières,QC,Quebec,G9A 2G7,Lease,No,Not required
21694.0,Building,1660,Royale Street,Trois-Rivières,QC,Quebec,G9A 4K3,Lease,No,Not required
21827.0,Building,2250,Saint-Olivier Street,Trois-Rivières,QC,Quebec,G9A 4E9,Lease,Yes,Yes
75043.0,Building,906,5th Avenue,Val-d'Or,QC,Quebec,J9P 1B9,Lease,No,Not required
75126.0,Building,400,Centrale Avenue,Val-d'Or,QC,Quebec,J9P 1P3,Lease,No,Not required
4458.0,Centre Vaudreuil,2555,Dutrisac Street,Vaudreuil-Dorion,QC,Quebec,J7V 7E6,Lease,No,Yes
59125.0,Wellington Complex,4110,Wellington Street,Verdun,QC,Quebec,H4G 1V7,Lease,No,Not required
21700.0,Building,184,Bois-Francs Boulevard North,Victoriaville,QC,Quebec,G6P 9C3,Lease,No,Not required
,Building,1111,Jutras Boulevard,Victoriaville,QC,Quebec,G6P 0A1,Lease,Work in progress,Work in progress
19421.0,Building,84,Labbé Boulevard South,Victoriaville,QC,Quebec,G6S 1K4,Lease,No,Not required
20924.0,Building,69,Sainte-Anne Street,Ville-Marie,QC,Quebec,J9V 2B6,Lease,No,Not required
7002.0,4225 Dorchester Boulevard West,4225,Dorchester Boulevard West,Westmount,QC,Quebec,H3Z 1V5,Lease,Yes,Yes
145176.0,Coach and Wilson House,,Meech Lake Road,Chelsea,QC,Quebec,J0X 1N0,Crown-owned,Yes,Yes
54827.0,L'Atrium,85,Bellehumeur Street,Gatineau,QC,Quebec,J8T 8B7,Lease,No,Not required
7611.0,Bisson Centre,115,Bisson Street,Gatineau,QC,Quebec,J8Y 5M2,Crown-owned,Yes,Yes
7542.0,Asticou Centre - Block 100,241,Cité-des-Jeunes Boulevard,Gatineau,QC,Quebec,J8Y 6L2,Crown-owned,Yes,Yes
153548.0,Building,210,Champlain Street,Gatineau,QC,Quebec,J8X 3R5,Lease,No,Not required
6503.0,"Place Montcalm, Phase III",70,Crémazie Street,Gatineau,QC,Quebec,J8Y 3P2,Lease,No,Not required
7075.0,"455 de la Carrière Blvd, Gatineau, QC",455,de la Carrière Boulevard,Gatineau,QC,Quebec,J8Y 6V7,Lease-Purchase,Yes,Yes
152868.0,Building,480,de la Cité Boulevard,Gatineau,QC,Quebec,J8T 8R3,Lease,No,Not required
4466.0,550 de la Cité Boulevard,550,de la Cité Boulevard,Gatineau,QC,Quebec,J8T 0A7,Lease,No,Not required
7420.0,Les Promenades de l'Outaouais,85,de la Savane Road,Gatineau,QC,Quebec,J8T 8L5,Lease,No,Not required
17963.0,200 boulevard de la Technologie,200,de la Technologie Boulevard,Gatineau,QC,Quebec,J8Z 3H6,Lease,No,Not required
6915.0,Rosdev de Ville,105,de l'Hôtel-de-Ville Street,Gatineau,QC,Quebec,J8X 4H7,Lease,Yes,Yes
103708.0,Place du Portage Phase II,165,de l'Hôtel-de-Ville Street,Gatineau,QC,Quebec,K1A 0J2,Crown-owned,Yes,Yes
8903.0,Old Zellers Building,555,des Entreprises Avenue,Gatineau,QC,Quebec,J8R 2Z8,Crown-owned,No,Not required
54967.0,189 Deveault Street,189,Deveault Street,Gatineau,QC,Quebec,J8Z 1S7,Lease,No,Not required
27337.0,Gatineau Preservation Centre,625,du Carrefour Boulevard,Gatineau,QC,Quebec,J8T 8L8,Crown-owned,No,Not required
103700.0,Les Terrasses de la Chaudière - Central Building,1,du Portage Avenue,Gatineau,QC,Quebec,K1A 0N2,Crown-owned,Yes,Yes
7632.0,Place du Centre Office Tower (3rd floor and above),200,du Portage Avenue,Gatineau,QC,Quebec,J8X 4B7,Crown-owned,No,Not required
22180.0,"22 Eddy St, Gatineau, QC",22,Eddy Street,Gatineau,QC,Quebec,J8X 2V6,Lease-Purchase,Yes,Yes
103699.0,Les Terrasses de la Chaudière - J. Léger Building,25/15,Eddy Street,Gatineau,QC,Quebec,J8X 4B5,Crown-owned,Yes,Yes
70750.0,Marois Building,15,Gamelin Boulevard,Gatineau,QC,Quebec,J8Y 6N5,Lease,No,Not required
7638.0,Place du Portage Phase III,11,Laurier Street,Gatineau,QC,Quebec,K1A 0S5,Crown-owned,Yes,Yes
22110.0,72 Laval Street,72,Laval Street,Gatineau,QC,Quebec,J8X 3H3,Lease,No,Not required
7608.0,Building,2,Montcalm Street,Gatineau,QC,Quebec,J8X 2L8,Crown-owned,Yes,Yes
9637.0,Centre Montclair,9,Montclair Street,Gatineau,QC,Quebec,J8Y 2E2,Lease,No,Not required
18095.0,Office Building,80,Noel Street,Gatineau,QC,Quebec,J8Z 0A1,Lease,No,Not required
25097.0,Office Building,95,Noel Street,Gatineau,QC,Quebec,J8Z 0A1,Lease,Work in progress,Work in progress
54501.0,Canadian Museum of Nature - Curatorial Centre,1770,Pink Road,Gatineau,QC,Quebec,J9J 3N7,Crown-owned,Yes,Yes
9466.0,100 Promenade du Portage,100,Portage Parkway,Gatineau,QC,Quebec,J8X 2K1,Lease,No,Not required
6815.0,Place des Explorateurs,191,Portage Parkway,Gatineau,QC,Quebec,J8X 2K6,Lease,No,Not required
7632.0,Place du Centre,200,Portage Parkway,Gatineau,QC,Quebec,J8X 4B7,Lease,No,Not required
103718.0,Place du Portage Phase IV,140,Promenade du Portage Avenue,Gatineau,QC,Quebec,K1A 0M3,Crown-owned,Yes,Yes
7605.0,National Printing Bureau - Structure,45,Sacré-Coeur Boulevard,Gatineau,QC,Quebec,J8X 1C6,Crown-owned,Yes,Yes
103695.0,Government of Canada Building - Central Heating Plant Cdn Govt Printing Bureau,45,Sacré-Coeur Boulevard,Gatineau,QC,Quebec,J8X 1C6,Crown-owned,Yes,Yes
7605.0,National Printing Bureau,45,Sacré-Coeur Boulevard,Gatineau,QC,Quebec,J8X 1C6,Crown-owned,Yes,Yes
7615.0,Fontaine Building,200,Sacré-Coeur Boulevard,Gatineau,QC,Quebec,J8X 4C8,Lease,No,Not required
7447.0,Saint Joseph Centre,259,Saint-Joseph Boulevard,Gatineau,QC,Quebec,J8Y 6T1,Lease,No,Not required
154126.0,Galeries de Hull,320,Saint-Joseph Boulevard,Gatineau,QC,Quebec,J8Y 3Y8,Lease,Work in progress,Work in progress
7620.0,Place Vincent Massey,351,Saint-Joseph Boulevard,Gatineau,QC,Quebec,J8Y 3Z5,Lease,No,Not required
7008.0,Village Place Cartier Shopping Centre,425,Saint-Joseph Boulevard,Gatineau,QC,Quebec,J8Y 3Z8,Lease,No,Not required
44018.0,Richelieu,975,Saint-Joseph Boulevard,Gatineau,QC,Quebec,J8Z 1W8,Lease,Yes,Yes
8159.0,1040 Saint-Joseph,1040,Saint-Joseph Boulevard,Gatineau,QC,Quebec,J8Z 1T3,Lease,No,Not required
15208.0,22 de Varennes Street,22,Varennes Street,Gatineau,QC,Quebec,J8T 8R1,Lease,No,Not required
13631.0,29 de Varennes Street,29,Varennes Street,Gatineau,QC,Quebec,J8T 8R1,Lease,No,Not required
22179.0,30 Victoria Street,30,Victoria Street,Gatineau,QC,Quebec,J8X 4H7,Lease-Purchase,No,Not required
7614.0,Place du Portage Phase I,50,Victoria Street,Gatineau,QC,Quebec,J8X 3X1,Crown-owned,Yes,Yes
7608.0,Les Terrasses de la Chaudière - Garage,6,Wellington Street,Gatineau,QC,Quebec,J8X 2L3,Crown-owned,Yes,Yes
7608.0,Les Terrasses de la Chaudière - North Building,10,Wellington Street,Gatineau,QC,Quebec,K1A 0H3,Crown-owned,Yes,Yes
